﻿[
  {
    "Area": "Administração",
    "Nome": "Administração e Finanças",
    "Telefone": "(61) 3333-9999",
    "Descricao": "..."
  },
  {
    "Area": "Canais",
    "Nome": "Canais",
    "Telefone": "(61) 3333-9999",
    "Descricao": "..."
  },
  {
    "Area": "Garantias Corporate",
    "Nome": "Célula Técnica de Garantias Corporate",
    "Telefone": "(61) 3333-9999",
    "Descricao": "..."
  },
  {
    "Area": "P&C Corporate",
    "Nome": "Célula Técnica de P&C Corporate",
    "Telefone": "(61) 3333-9999",
    "Descricao": "..."
  },
  {
    "Area": "Comercial",
    "Nome": "Comercial Corporate",
    "Telefone": "(61) 3333-9999",
    "Descricao": "..."
  },
  {
    "Area": "Comercial",
    "Nome": "Comercial Extrarrede",
    "Telefone": "(61) 3333-9999",
    "Descricao": "..."
  },
  {
    "Area": "Comercial",
    "Nome": "Comercial Rede",
    "Telefone": "(61) 3333-9999",
    "Descricao": "..."
  },
  {
    "Area": "Comercial",
    "Nome": "Comercial Saúde",
    "Telefone": "(61) 3333-9999",
    "Descricao": "..."
  },
  {
    "Area": "Gente & Gestão",
    "Nome": "Consultoria Gente & Gestão",
    "Telefone": "(61) 3333-9999",
    "Descricao": "..."
  },
  {
    "Area": "Controladoria",
    "Nome": "Controladoria",
    "Telefone": "(61) 3333-9999",
    "Descricao": "..."
  },
  {
    "Area": "DPM",
    "Nome": "Digital Project Management (DPM)",
    "Telefone": "(61) 3333-9999",
    "Descricao": "..."
  },
  {
    "Area": "Diretoria",
    "Nome": "Diretoria Comercial Corporate",
    "Telefone": "(61) 3333-9999",
    "Descricao": "..."
  },
  {
    "Area": "Diretoria",
    "Nome": "Diretoria Comercial Extrarrede",
    "Telefone": "(61) 3333-9999",
    "Descricao": "..."
  },
  {
    "Area": "Diretoria",
    "Nome": "Diretoria de Gente & Gestão",
    "Telefone": "(61) 3333-9999",
    "Descricao": "..."
  },
  {
    "Area": "Diretoria",
    "Nome": "Diretoria de Marketing",
    "Telefone": "(61) 3333-9999",
    "Descricao": "..."
  },
  {
    "Area": "Diretoria",
    "Nome": "Diretoria Financeira",
    "Telefone": "(61) 3333-9999",
    "Descricao": "..."
  },
  {
    "Area": "Diretoria",
    "Nome": "Diretoria Jurídica e de Compliance",
    "Telefone": "(61) 3333-9999",
    "Descricao": "..."
  },
  {
    "Area": "Gente & Gestão",
    "Nome": "Gente & Gestão",
    "Telefone": "(61) 3333-9999",
    "Descricao": "..."
  },
  {
    "Area": "Marketing",
    "Nome": "Inteligência de Marketing",
    "Telefone": "(61) 3333-9999",
    "Descricao": "..."
  },
  {
    "Area": "Jurídico",
    "Nome": "Jurídico e Compliance",
    "Telefone": "(61) 3333-9999",
    "Descricao": "..."
  },
  {
    "Area": "Marketing",
    "Nome": "Marketing e Estruturação Corporate",
    "Telefone": "(61) 3333-9999",
    "Descricao": "..."
  },
  {
    "Area": "Marketing",
    "Nome": "Marketing Saúde",
    "Telefone": "(61) 3333-9999",
    "Descricao": "..."
  },
  {
    "Area": "Negócios Digitais",
    "Nome": "Negócios Digitais",
    "Telefone": "(61) 3333-9999",
    "Descricao": "..."
  },
  {
    "Area": "Operações",
    "Nome": "Operações",
    "Telefone": "(61) 3333-9999",
    "Descricao": "..."
  },
  {
    "Area": "Operações",
    "Nome": "Operações Corporate",
    "Telefone": "(61) 3333-9999",
    "Descricao": "..."
  },
  {
    "Area": "Presidência",
    "Nome": "Presidência",
    "Telefone": "(61) 3333-9999",
    "Descricao": "..."
  },
  {
    "Area": "Produtos",
    "Nome": "Produtos",
    "Telefone": "(61) 3333-9999",
    "Descricao": "..."
  },
  {
    "Area": "Relacionamento Saúde",
    "Nome": "Relacionamento",
    "Telefone": "(61) 3333-9999",
    "Descricao": "..."
  },
  {
    "Area": "Relacionamento",
    "Nome": "Relações com Investidores",
    "Telefone": "(61) 3333-9999",
    "Descricao": "..."
  },
  {
    "Area": "Gente & Gestão",
    "Nome": "Serviços Gente & Gestão",
    "Telefone": "(61) 3333-9999",
    "Descricao": "..."
  },
  {
    "Area": "Técnologia",
    "Nome": "Transforma",
    "Telefone": "(61) 3333-9999",
    "Descricao": "..."
  }
]
